from	to	edgeWeight	sign
CDC11	CDC10	0.998065	1
CDC11	PCL1	0.999985	1
SWI4	SWI4_SWI6	0.993930	1
CDC10	PCL1	0.998389	1
SPT16	HDA1_TUP1	0.991839	-1
SPT16	PHO4	0.999874	-1
ACT1	HTB1	0.995687	1
MBP1_SWI6	PHO2	0.997667	-1
TRP4	FLO1	0.995942	-1
FLO1	FLO10	0.995396	1
CLB5	CLB6	0.999076	1
CLB5	RAD5	0.998043	1
CLB6	RAD5	0.994451	1
HDA1_TUP1	PHO4	0.993741	1
CHO2	INO2_INO4	0.993958	1
CHO2	MEK1	0.997573	-1
CHO2	CAR1	0.999967	-1
CHO2	FAS1	0.999142	1
INO2_INO4	MEK1	0.998968	-1
INO2_INO4	POX1	0.997166	-1
INO2_INO4	CAR1	0.994402	-1
RNR3	ALPHA1	0.999614	1
MEK1	POX1	0.993229	1
MEK1	CAR1	0.997947	1
MEK1	FAS1	0.994159	-1
CAR1	FAS1	0.998788	-1
